CEFR,depth_mean
A,6.015727332598373
B,9.332710231965194
C,10.149083105179438
