CEFR,avg_level
A,8.444294898208986
B,11.413545594095675
C,12.855412772119125
Unassessable,9.25
