level,sentences,total_words,avg_words_per_sentence,total_unique_words,avg_unique_words,overall_avg_word_len,overall_max_word_len
A1,14.442,85.348,6.0627466086581645,84.726,6.017061925191812,4.816315095662386,9.04
A2,11.944,118.874,10.164415203905142,117.066,10.006616683772025,4.937413157833676,9.514
B1,13.685714285714285,189.5875,14.096920137012601,185.16785714285714,13.758924706246136,5.050117786527265,10.310714285714285
B2,14.721428571428572,240.21785714285716,16.575291505778686,233.6482142857143,16.110796831031184,5.106020519364062,10.655357142857143
C1,14.716363636363637,263.22545454545457,18.070814670607874,255.93818181818182,17.566723840877515,5.2280135435883395,11.08
C2,15.301818181818183,281.57454545454544,18.58623444705059,273.6036363636364,18.05508590561954,5.232576066087541,11.101818181818182
