CEFR,avg_level
A1,7.612619742454417
A2,9.264487359505404
B1,11.034744929928495
B2,11.810102539395691
C1,12.781643029337811
C2,12.930657909756066
