CEFR,depth_mean
A1,7.825304852010735
A2,8.8477884925532
B1,9.864363490151305
B2,10.405349589305112
C1,10.802256906788994
C2,11.433141704591185
