CEFR,avg_level
A1,9.600141365170776
A2,10.564099343466989
B1,11.739088881473336
B2,12.286139337881513
C1,13.185322937609033
C2,13.355679728065036
