CEFR,avg_level
A,9.706794435011153
B1,11.499073364777146
B2,12.11113269025559
C1,13.26393530266525
C2,13.276991190627554
