CEFR,depth_mean
A,7.571716862686677
B1,9.16856888297277
B2,9.612273729421839
C1,9.8808859203779
C2,10.249610137337411
