CEFR,depth_mean
A,6.015727332598373
B1,8.9719225356879
B2,9.710409851505487
C1,10.05224227653968
C2,10.247860750391991
