CEFR,avg_level
A,8.444294898208986
B1,11.034744929928495
B2,11.810102539395691
C1,12.781643029337811
C2,12.930657909756066
Unassessable,9.25
