level,sentences,total_words,avg_words_per_sentence,total_unique_words,avg_unique_words,overall_avg_word_len,overall_max_word_len
A2,3.0,57.857142857142854,19.50952380952381,53.57142857142857,18.047619047619047,4.965004301561611,9.571428571428571
B1,6.136363636363637,130.38181818181818,23.821168934733528,120.02727272727273,21.662737905369486,4.912134094100894,10.018181818181818
B2,7.8,178.475,23.795729617604618,165.9375,22.043664321789322,4.885811090387738,10.0625
C1,9.272727272727273,224.1818181818182,26.332428177882722,209.54545454545453,24.41854256854257,4.844111327522897,10.272727272727273
