CEFR,avg_level
A,11.954099478952422
B,12.297523037478395
C,13.037358684096652
