CEFR,depth_mean
A,10.73669421428245
B,10.430491032368659
C,10.742347532146997
