total_words,avg_words_per_sentence,total_unique_words,avg_unique_words,overall_avg_word_len,overall_max_word_len,avg_syllables_per_word,max_max_syllables,avg_unique_lemmas,avg_unique_lemma_pos,avg_camel_tokens,CEFR,dep_IDF_mean,dep_MOD_mean,dep_OBJ_mean,dep_SBJ_mean,pos_ADJ_mean,pos_ADP_mean,pos_AUX_mean,pos_CCONJ_mean,pos_DET_mean,pos_NOUN_mean,pos_PUNCT_mean,pos_VERB_mean,depPOS_IDF(NOUN)_mean,depPOS_MOD(ADJ)_mean,depPOS_MOD(ADP)_mean,depPOS_MOD(AUX)_mean,depPOS_MOD(CCONJ)_mean,depPOS_MOD(DET)_mean,depPOS_MOD(NOUN)_mean,depPOS_MOD(PRON)_mean,depPOS_MOD(PROPN)_mean,depPOS_MOD(PUNCT)_mean,depPOS_MOD(VERB)_mean,depPOS_OBJ(ADJ)_mean,depPOS_OBJ(ADV)_mean,depPOS_OBJ(DET)_mean,depPOS_OBJ(NOUN)_mean,depPOS_SBJ(NOUN)_mean,depPOS_SBJ(SCONJ)_mean,A
251.58,19.08685188667541,243.76,18.48299291068409,4.949267714342234,10.38,2.3161621830589327,5.48,18.11308628789511,18.116514859323683,21.45178547432959,A,43.72,171.62,91.58,16.76,33.56,47.56,1.76,27.32,4.84,120.38,31.24,34.76,29.64,27.58,46.36,1.76,25.64,3.64,10.3,5.68,0.38,31.2,13.52,3.64,1.44,0.62,65.12,11.48,0.92,
267.55357142857144,19.46838886778488,259.0178571428572,18.83776929478085,5.046881138470264,10.714285714285714,2.3460816070890784,5.357142857142857,18.474553418395327,18.478720085062,21.808119070763503,B,47.30357142857143,177.21428571428572,93.85714285714286,19.767857142857142,39.267857142857146,49.46428571428572,1.25,29.035714285714285,4.607142857142857,129.82142857142858,32.285714285714285,33.69642857142857,34.607142857142854,31.339285714285715,47.85714285714285,1.25,27.339285714285715,2.8392857142857144,10.482142857142858,4.5,0.4464285714285714,32.214285714285715,13.678571428571429,5.267857142857143,2.0,1.1607142857142858,67.28571428571429,14.214285714285714,1.8214285714285716,
269.8545454545455,20.30618719070591,260.76363636363635,19.61035598091748,5.175018708310531,11.181818181818182,2.4133776313080477,5.545454545454546,19.255907713795416,19.26000361789132,22.55525144493059,C,49.30909090909091,176.96363636363637,89.89090909090909,19.10909090909091,43.32727272727273,49.56363636363636,1.6181818181818182,27.272727272727277,5.418181818181818,134.01818181818183,29.945454545454545,30.12727272727273,38.52727272727272,36.49090909090909,48.21818181818182,1.6181818181818182,25.78181818181818,3.636363636363636,10.61818181818182,4.0,0.2545454545454545,29.854545454545452,12.363636363636363,4.9818181818181815,1.6363636363636365,1.3272727272727274,67.81818181818181,14.672727272727272,2.0,
