CEFR,depth_mean
A,7.340498938468988
B1,9.854368843369148
B2,10.436695937499648
C1,10.650213609919494
C2,10.890614229798722
