CEFR,avg_level
A,9.35395694370092
B1,11.613560001659847
B2,12.309342745655496
C1,13.259494916847858
C2,13.281560197237795
