level,sentences,avg_syllables_per_word,max_syllables,avg_unique_lemmas,avg_unique_lemma_pos,avg_camel_tokens
A1,14.442,2.19600850603446,4.664,5.968460491726682,5.969135094901285,7.3053836839314945
A2,11.820512820512821,2.2790309129078468,4.998027613412229,9.924888362299741,9.925690765025221,11.901271504759974
B1,12.446268656716418,2.315528949299577,5.280597014925373,14.62117455265496,14.626884175316953,17.579331208116674
B2,13.85625,2.332842887463444,5.4109375,16.441063008056823,16.448078165846333,19.519780563687117
C1,14.609625668449198,2.3942515387528354,5.452762923351159,17.372578592071648,17.377996290045967,20.360918243908177
C2,15.301818181818183,2.4007354417768916,5.490909090909091,17.737152103400557,17.74114757851368,20.759224381358703
