level,sentences,total_words,avg_words_per_sentence,total_unique_words,avg_unique_words,overall_avg_word_len,overall_max_word_len
A1,14.442,85.348,6.0627466086581645,84.726,6.017061925191812,4.816315095662386,9.04
A2,11.820512820512821,118.03155818540434,10.293440372030055,116.18934911242603,10.117636440274843,4.937794100646489,9.514792899408285
B1,12.446268656716418,179.86716417910446,15.693438596339918,174.4731343283582,15.056565679236535,5.02746374747219,10.26268656716418
B2,13.85625,232.5,17.477846269756927,225.184375,16.85240526737595,5.078494340742021,10.58125
C1,14.609625668449198,262.4598930481283,18.232807092319145,255.02852049910874,17.701073227694476,5.220486049155684,11.064171122994653
C2,15.301818181818183,281.57454545454544,18.58623444705059,273.6036363636364,18.05508590561954,5.232576066087541,11.101818181818182
