CEFR,avg_level
A1,7.741222321246753
A2,8.867088438908873
B1,11.204928522138827
B2,11.924473649338891
C1,12.984076885134442
C2,13.138571051645918
