CEFR,depth_mean
A1,4.878125410623088
A2,6.092169803021196
B1,8.613474269369751
B2,9.285707409497352
C1,9.901463924635891
C2,10.305576305750103
